{
    "cash": 9500.0,
    "btc_dca": 0.007686737961290793,
    "btc_swing": 0,
    "dca_total_cost": 499.5,
    "dca_avg_cost": 64982.051231016805,
    "last_dca_buy_price": 64982.051231016805,
    "active_trades": [],
    "last_dca_buy_time": "2026-07-15 17:30:00+00:00"
}