{
    "cash": 4072.300652381826,
    "btc_dca": 0.057252603602825046,
    "btc_swing": 0.039457417027376845,
    "dca_total_cost": 3571.4087146843276,
    "dca_avg_cost": 62379.848075731905,
    "last_dca_buy_price": 64739.208767572076,
    "active_trades": [],
    "last_dca_buy_time": "2026-07-16 00:00:00+00:00"
}