{
    "cash": 4572.300652381826,
    "btc_dca": 0.04953703201168444,
    "btc_swing": 0.039457417027376845,
    "dca_total_cost": 3071.9087146843276,
    "dca_avg_cost": 62012.369129417115,
    "last_dca_buy_price": 63995.77787083329,
    "active_trades": [],
    "last_dca_buy_time": "2026-07-07 17:00:00+00:00"
}